id,title,primary_keyword,signal,intent,content_angle,priority
1,Starlink for Communities: What the New Shared-Internet Model Could Mean for Nigeria,starlink for communities nigeria,5/5 | Breaking: official Community Host pages launched Oct 2026,News + commercial,"Explain the host/pass model, who it is for, what is known, what is not known, and why Nigeria should watch it.",A
2,"Can Nigerians Join Starlink for Communities? Availability, Beta Status and What to Watch",starlink communities nigeria,5/5 | Breaking + Nigeria regulatory watch,News + transactional,Separate confirmed rollout markets from speculation; track Nigerian availability and approvals.,A
3,Starlink for Communities vs Buying Your Own Starlink: Which Model Makes More Sense?,starlink community vs own kit,5/5 | Breaking topic with strong consumer curiosity,Commercial comparison,"Compare upfront cost, control, access and likely use cases without inventing unpublished Community pricing.",A
4,How Starlink for Communities Could Change Rural Internet Access in Nigeria,starlink rural community internet nigeria,5/5 | Breaking + rural connectivity trend,Informational + strategic,"Connect the new model to underserved communities, estates, campuses and local entrepreneurs.",A
5,Starlink Business vs Enterprise: What Is Actually Different in 2026?,starlink business vs enterprise,4/5 | Official product distinction,Commercial,Clarify self-service Business accounts vs large-scale Enterprise accounts and avoid outdated terminology.,A
6,Is Starlink Ending Self-Service Enterprise Subscriptions in Nigeria? What We Can Confirm,starlink enterprise nigeria self subscription,5/5 | User-reported claim not yet verified,News + verification,"Treat the claim as a verification watch, show what Starlink currently publishes, and update when a Nigeria-specific notice appears.",A
7,Starlink and the NCC: A Complete Timeline of Nigeria’s Pricing Dispute,starlink ncc nigeria price dispute,5/5 | Regulatory evergreen + renewed relevance,News + authority,Create the canonical regulatory timeline from 2024 through current tariff approval history.,A
8,Can Starlink Increase Its Price in Nigeria Without NCC Approval?,can starlink increase price nigeria ncc,5/5 | High-current regulatory intent,News + FAQ,Explain the legal/regulatory approval issue in plain language and distinguish old events from current rules.,A
9,"Why Starlink Gets “Sold Out” in Lagos and Abuja: Capacity, Not Just Stock",starlink sold out lagos abuja,5/5 | Strong Nigeria commercial pain point,Commercial + explanatory,"Explain capacity constraints, waitlists and Priority alternatives rather than treating “sold out” as a retail stock problem.",A
10,Starlink Nigeria Price Update: What You Actually Pay in October 2026,starlink price nigeria 2026,5/5 | High-intent commercial query + NCC tariff benchmark,Transactional,"Maintain a dated price page that separates Starlink tariff, hardware, installation and reseller/service costs.",A
11,"Starlink Nigeria Plan Update Tracker: Prices, Availability and Major Changes",starlink nigeria updates,5/5 | Always-on trend topic,News hub,Make this a living tracker linked from every pricing/plan article.,A
12,What the September 2026 Starlink Ocean Mode Price Change Means for Nigerian Vessel Operators,starlink ocean mode 6 per gb,5/5 | Current maritime price change,Maritime + commercial,Explain the shift to $6/GB from 27 Sept 2026 and how vessel budgets are affected.,A
13,Starlink Direct-to-Cell in Nigeria: What Airtel’s 2026 Plans Mean for Users,starlink direct to cell nigeria airtel,5/5 | Nigeria-specific telecom trend,News + technology,"Track Airtel Africa’s rollout, regulatory approvals and the difference between satellite broadband and phone-to-satellite service.",A
14,Starlink Just Won Major Direct-to-Device Approval: Why Nigeria Should Care,starlink direct to device 15000 satellites,"5/5 | Breaking Oct 7, 2026 global news",News + strategic,Translate the US FCC development into practical Africa/Nigeria implications without claiming Nigerian approval.,A
15,Starlink V3 and the Next Generation Network: What the September 2026 Launch Means for Performance,starlink v3 nigeria,4/5 | Recent launch / technology trend,Technology + news,"Cover what V3 changes, what it does not change yet, and what Nigerian users should realistically expect.",A
16,Starlink Residential vs Roam in Nigeria: Which One Should You Buy?,starlink residential vs roam nigeria,4/5 | High-intent plan comparison,Transactional,Country-specific comparison of fixed-location and mobile use cases.,A
17,"Starlink Mini vs Standard in Nigeria: Price, Speed, Portability and Best Use",starlink mini vs standard nigeria,5/5 | Starlink Mini is a 165K/mo global parent trend,Transactional,"Use Nigerian pricing and local availability where verified; compare portability, household use and power needs.",A
18,Starlink Business vs Residential in Nigeria: When Is the Higher Cost Worth It?,starlink business vs residential nigeria,5/5 | High commercial intent,Transactional,"Use capacity, priority, multi-user and operational continuity as decision criteria.",A
19,Local Priority vs Global Priority: Which Starlink Business Plan Fits Nigeria?,local priority vs global priority,4/5 | Official plan distinction,Commercial comparison,"Explain inland vs ocean/global use, public IP, priority data and motion use.",A
20,Personal Maritime vs Global Priority: Which Starlink Plan Is Better for a Vessel?,starlink personal maritime vs global priority,4/5 | High-value maritime commercial query,Maritime comparison,"Target vessel owners, marine contractors and offshore operators with clear decision rules.",A
21,Starlink Ocean Mode Explained: Who Needs It and What It Costs,starlink ocean mode nigeria,5/5 | Current maritime change,Maritime + commercial,"Explain 12-nautical-mile boundary, per-GB billing and when to turn it on/off.",A
22,"Starlink 50GB, 500GB, 1TB and 2TB: How to Choose Your Priority Data",starlink priority data 50gb 500gb 1tb 2tb,4/5 | Strong business-plan intent,Transactional,"Build a simple usage calculator for office, vessel and remote-site scenarios.",B
23,What Happens When Your Starlink Priority Data Runs Out?,what happens when starlink priority data runs out,4/5 | Plan FAQ trend,FAQ + commercial,Explain standard/deprioritized service behavior and top-up logic using current plan rules.,B
24,"Can You Pause, Cancel or Change Your Starlink Plan in Nigeria?",cancel starlink plan nigeria,3/5 | Evergreen transactional,FAQ,"Answer pausing, cancellation and plan-change questions with dated policy notes.",B
25,Can You Use Starlink at Another Address in Nigeria?,use starlink at another address nigeria,4/5 | Common practical question,FAQ,"Explain service-address rules, Roam vs fixed use and what not to assume.",B
26,Starlink Waitlist in Lagos and Abuja: What the Deposit Actually Does,starlink waitlist nigeria,5/5 | High commercial pain point,Transactional,"Explain reservation, activation uncertainty and alternatives, with clear date stamps.",A
27,Can You Buy a Starlink Kit When Your Area Is Sold Out?,buy starlink sold out nigeria,5/5 | High urgency,Transactional,Clarify kit ownership vs service activation and explain the risk of buying unsupported hardware.,A
28,How Much Does a Complete Starlink Setup Cost in Nigeria?,starlink setup cost nigeria,5/5 | Very high purchase intent,Transactional,Break cost into kit + plan + delivery + mounting + installation + power + networking.,A
29,Is Starlink Worth It for a Home in Nigeria in 2026?,is starlink worth it nigeria,4/5 | High comparison/review intent,Commercial + review,"Use actual Nigerian pricing, capacity restrictions and alternatives instead of generic praise.",B
30,Which Starlink Plan Is Best for Remote Workers in Nigeria?,best starlink plan nigeria remote work,4/5 | Strong use-case intent,Commercial,"Focus on Zoom/Teams, cloud apps, power backup and multi-device use.",B
31,How to Install Starlink in Nigeria: A Professional Step-by-Step Guide,starlink installation nigeria,4/5 | High-intent service query,Transactional,"Cover site survey, dish placement, mounting, cable routing, power and Wi-Fi.",A
32,Where Is the Best Place to Install a Starlink Dish in Lagos?,starlink installation lagos,4/5 | Local commercial intent,Local + transactional,"Discuss rooftops, compounds, water tanks, trees, neighbouring structures and safe mounting.",A
33,Where Is the Best Place to Install Starlink in Abuja?,starlink installation abuja,4/5 | Local commercial intent,Local + transactional,Same framework with Abuja-specific building and rooftop considerations.,A
34,Starlink Obstructions Explained: Why Trees and Buildings Reduce Performance,starlink obstructions,4/5 | Core setup topic,Educational + service,Show how the obstruction tool works and what an installer can physically change.,B
35,Can Starlink Go on a Roof? Roof Mount vs Ground Mount,starlink roof mount,5/5 | “Starlink mount” 5.4K/mo global + related high queries,Installation,"Compare roof, pole and ground placement, focusing on safety and obstruction reduction.",B
36,Starlink Mounting Options for Nigerian Homes and Businesses,starlink mounting kit nigeria,4/5 | Mount keyword cluster signal,Commercial + installation,"Explain wall, pole, roof and custom mounting decisions.",B
37,"Starlink Mini Mounting Guide: Balcony, Roof, Vehicle and Temporary Sites",starlink mini mount,4/5 | 5.4K/mo global parent keyword,Installation,Use cases that make the Mini different from the Standard.,B
38,Why Starlink Slows Down During Heavy Rain in Nigeria,starlink rain nigeria,4/5 | Strong recurring Nigerian pain point,Troubleshooting,"Explain rain fade, ground-station weather and practical steps to reduce interruptions.",A
39,Starlink and Harmattan Dust: Does Dust Affect Your Dish?,starlink harmattan nigeria,4/5 | Seasonal Nigerian topic,Seasonal FAQ,"Address dust, cleaning, mounts, connectors and safe maintenance before harmattan peaks.",A
40,Should You Use a Surge Protector With Starlink in Nigeria?,starlink surge protector nigeria,3/5 | Practical installation query,FAQ,"Connect power quality, storms and equipment protection without overpromising.",B
41,How Much Power Does Starlink Use and What Size Inverter Do You Need?,starlink power consumption inverter nigeria,5/5 | High Nigeria off-grid intent,Commercial + technical,"Provide realistic planning examples for home, office and field deployments.",A
42,Can Solar Power Run Starlink All Day in Nigeria?,solar starlink nigeria,4/5 | Strong off-grid use case,Commercial + educational,"Show how solar, battery, inverter and load management fit together.",A
43,Starlink and Generator Power: Fuel Costs vs Solar and Inverter Backup,starlink generator vs inverter nigeria,4/5 | Cost comparison,Commercial comparison,Frame internet uptime as a full power-system problem.,B
44,How to Improve Starlink Wi-Fi Coverage Across a Large House or Office,starlink wifi coverage mesh nigeria,5/5 | High support/search intent,Service + educational,"Cover router placement, mesh and wired access points.",A
45,Starlink Router 2.4GHz vs 5GHz: Which Should Nigerian Users Use?,starlink 2.4ghz 5ghz,4/5 | Practical technical search,Educational,Explain range vs speed and device compatibility without needless networking jargon.,B
46,How to Run a Starlink Speed Test Correctly,starlink speed test,4/5 | Official support topic,Educational + support,Explain router-to-internet vs device-to-internet testing and how to interpret latency.,B
47,Why Your Starlink Speed Changes Throughout the Day,why starlink speed drops at night,4/5 | Common pain point,Troubleshooting,"Explain congestion, network demand, obstructions and local Wi-Fi bottlenecks.",B
48,Starlink for Gaming in Nigeria: What Ping and Latency Should You Expect?,starlink gaming nigeria ping,4/5 | Strong consumer intent,Review + educational,"Discuss latency, jitter, congestion and how to test real gameplay.",B
49,"Starlink for Zoom, Teams and Video Calls: How Reliable Is It?",starlink zoom teams nigeria,4/5 | Strong remote-work intent,Use case,"Focus on upload, latency, Wi-Fi and backup power rather than headline download speed.",B
50,"Starlink Offline, Booting or Searching: What Each Status Means and What to Do",starlink offline booting searching fix,4/5 | High troubleshooting intent,Support,Turn official app status messages into a concise diagnostic guide.,B
51,"Starlink for Nigerian Offices: Primary Internet, Backup or Both?",starlink for business nigeria,5/5 | Business-intent cluster,Commercial,Position Starlink as resilient connectivity rather than automatically the cheapest ISP.,A
52,How to Use Starlink as Backup Internet for a Nigerian Business,starlink backup internet nigeria,4/5 | High B2B intent,Commercial,Show failover design with fibre/5G plus Starlink.,A
53,Starlink Failover: How Businesses Can Stay Online When Fibre Goes Down,starlink failover nigeria,4/5 | Strong B2B pain point,Technical + commercial,Explain dual-WAN concepts in a practical business setting.,B
54,Starlink for Multi-Branch Businesses: Managing Multiple Locations,starlink multiple locations business,4/5 | Enterprise/B2B intent,Commercial,"Discuss fleet management, dashboard visibility and policy consistency.",B
55,Does Starlink Give Businesses a Public IP? What Nigerian IT Teams Need to Know,starlink public ip business,4/5 | B2B technical intent,Technical + commercial,"Clarify public IP, remote access and security architecture based on plan.",B
56,Starlink and VPNs: What Works for Nigerian Businesses?,starlink vpn business nigeria,3/5 | Technical niche,Technical,"Discuss VPN, latency and corporate network policies without claiming unsupported compatibility.",B
57,"Starlink Cybersecurity for Businesses: Risks, Controls and Best Practices",starlink cybersecurity business,4/5 | Business authority topic,Educational + B2B,"Cover Wi-Fi security, segmentation, VPN, admin control and physical security.",A
58,Starlink for Construction Sites and Temporary Project Offices,starlink construction site internet,4/5 | Strong niche B2B intent,Commercial,Target project managers needing fast temporary connectivity where fibre is impractical.,B
59,Starlink for Farms and Remote Agricultural Operations in Nigeria,starlink farm internet nigeria,3/5 | Rural commercial niche,Commercial,"Cover remote monitoring, cloud tools, CCTV and staff communications.",C
60,"Starlink for Hotels, Lodges and Remote Hospitality Sites",starlink hotel internet nigeria,4/5 | Commercial hospitality intent,Commercial,Target locations where terrestrial fibre is weak or unavailable.,B
61,"Can You Resell Starlink Internet in Nigeria? Terms, Licensing and Community Models",resell starlink nigeria,5/5 | New Communities model + regulatory sensitivity,Commercial + regulatory,"Distinguish ordinary resale, authorized models and the new Communities model; verify Nigerian authorization before recommending.",A
62,Starlink-Powered Wi-Fi Hotspots in Nigeria: What the New Communities Model Changes,starlink hotspot nigeria,5/5 | Breaking commercial opportunity,Business opportunity,Explore hotspot economics conceptually without inventing unpublished pass prices.,A
63,"Starlink for Estates and Apartment Complexes: One Connectivity Strategy, Many Users",starlink estate wifi nigeria,4/5 | Community/estate commercial intent,Commercial,"Design considerations for shared Wi-Fi, access control, backhaul and support.",B
64,Starlink for Events and Temporary Venues: Pop-Up Internet That Can Deploy Fast,starlink event internet nigeria,3/5 | Niche commercial intent,Commercial,"Use cases for events, exhibitions, outdoor activations and remote venues.",C
65,Starlink for CCTV and Remote Monitoring at Unconnected Sites,starlink cctv remote site,4/5 | Strong business use case,Commercial + technical,"Cover upstream capacity, VPN/security, power and edge recording.",B
66,Nigeria’s New Starlink Rural 4G Backhaul Pilot: What It Means for Remote Communities,starlink rural 4g backhaul nigeria,5/5 | Sept 2026 Nigeria pilot,News + strategic,Explain the NuRAN/Infratel pilot and why satellite backhaul matters for rural towers.,A
67,Can Starlink Make Rural 4G Towers Viable Where Fibre Cannot?,starlink 4g tower backhaul,4/5 | Strong infrastructure topic,B2B + educational,"Explain backhaul economics, deployment speed and where satellite makes sense.",A
68,Starlink for Rural ISPs and WISPs in Nigeria: Opportunities and Limitations,starlink wisp nigeria,4/5 | High-value niche,Commercial + technical,"Cover backhaul, community distribution, terms and regulatory considerations.",A
69,Starlink for Schools in Rural Nigeria: Practical Deployment Guide,starlink for schools nigeria,4/5 | Education connectivity trend,Commercial + impact,"Cover school size, power, Wi-Fi distribution, maintenance and content access.",B
70,How Satellite Internet Can Support AI Labs in Nigerian Schools,starlink ai schools nigeria,4/5 | Current Nigeria case-study signal,Strategic + education,Use the Sept 2026 Lagos school deployment as a local proof point.,A
71,Starlink for Rural Clinics: Could Better Internet Improve Telemedicine?,starlink healthcare nigeria,3/5 | Public-sector niche,Strategic,"Explore telemedicine, records, diagnostics and communications while flagging power/reliability constraints.",C
72,Starlink for NGOs and Development Projects Working in Remote Nigeria,starlink ngo nigeria,3/5 | Niche B2B/NGO intent,Commercial + impact,Build a deployment checklist for field programmes.,C
73,Starlink for Disaster Response in Nigeria: When Infrastructure Is Down,starlink emergency connectivity nigeria,4/5 | Strong resilience topic,Strategic,"Frame rapid deployability, redundancy, power and field networking.",B
74,How Community Internet Hubs Could Work in Rural Nigerian Towns,community internet hub nigeria starlink,4/5 | New Communities + rural demand,Strategic + business,"Show the hub model, user access, power, support and sustainability questions.",A
75,"Starlink for Local Government Connectivity: Offices, Health Centres and Remote Sites",starlink local government nigeria,3/5 | Public-sector niche,Strategic,Map use cases across dispersed facilities with procurement and compliance considerations.,C
76,Starlink for Vessels in Nigeria and the Gulf of Guinea: What Operators Need to Know,starlink vessel internet nigeria,5/5 | High-value maritime niche,Maritime commercial,Make DataGram’s maritime hub the authority page for vessel connectivity.,A
77,Starlink for Offshore Oil & Gas Operations: Connectivity From Shore to Rig,starlink offshore oil gas nigeria,5/5 | High-value target sector,B2B + maritime,"Target drilling, support vessels, FPSOs, offshore bases and service contractors.",A
78,Starlink for Offshore Vessels vs VSAT: What Should Operators Actually Choose?,starlink vs vsat offshore,5/5 | Strong comparison for high-ticket buyers,B2B comparison,"Explain where Starlink excels, where VSAT remains valuable and why hybrid architecture is often strongest.",A
79,Why Many Serious Vessels Use Starlink and VSAT Together,starlink vsat hybrid vessel,4/5 | Strong B2B authority topic,B2B + technical,"Sell the architecture, not the gadget: primary broadband plus resilient backup/legacy links.",A
80,Starlink Global Priority for Vessels: How the Maritime Plans Work,starlink global priority maritime,5/5 | Official maritime plan signal,Transactional,"Explain data tiers, priority, ocean coverage and vessel use.",A
81,Starlink Ocean Mode for Vessels: The 12-Nautical-Mile Rule Explained,starlink ocean mode vessel,5/5 | Current plan rule,Maritime + FAQ,Explain when ocean billing begins and why crews need to understand the switch.,A
82,What Does Starlink Ocean Mode at $6/GB Mean for a Vessel’s Monthly Budget?,starlink ocean mode cost vessel,5/5 | Current price change,Commercial + cost planning,Turn the price into scenario-based vessel data budgets.,A
83,Starlink Performance on Ships: Why Hardware Matters Offshore,starlink performance maritime,4/5 | Official Performance kit positioning,B2B product,"Cover durability, environmental ratings, power and network integration.",B
84,Starlink Performance vs Standard for Marine Deployments,starlink performance vs standard maritime,4/5 | Product comparison,B2B comparison,"Compare durability, connectors, power, mounting and expected use cases.",B
85,Can One Starlink Terminal Serve a Large Vessel Crew?,starlink crew wifi vessel,4/5 | High-use-case intent,Maritime technical,Explain that shipboard Wi-Fi design is more than the satellite terminal.,A
86,"Crew Wi-Fi on a Vessel: Designing Fair, Fast Internet for 50+ Crew",crew wifi vessel starlink,4/5 | Niche but high commercial value,Maritime technical,"Discuss VLANs, captive portals, quotas, traffic shaping and welfare needs.",A
87,How to Integrate Starlink Into an Existing Shipboard Network,starlink shipboard network integration,4/5 | High B2B technical intent,Maritime technical,"Cover Ethernet handoff, firewall/router integration and monitoring.",B
88,Starlink and Vessel Cybersecurity: What Offshore IT Teams Should Configure,starlink maritime cybersecurity,4/5 | High-value authority topic,Maritime + security,"Target ship IT/security teams with network segmentation, access control and monitoring.",A
89,"Starlink for Oil & Gas Service Vessels: Crew, Operations and Client Connectivity",starlink oil gas vessel connectivity,5/5 | Direct target-market intent,B2B + maritime,"Speak directly to OSVs, crew boats, survey vessels and support craft.",A
90,Starlink for Survey and Inspection Vessels: Moving Large Data Offshore,starlink survey vessel internet,4/5 | High-value niche,Maritime technical,"Focus on imagery, sensor data, reports and cloud workflows.",B
91,Starlink for Commercial Fishing in West Africa,starlink fishing vessel internet,3/5 | Global maritime use case,Commercial + maritime,Translate Starlink’s fishing use case into Gulf of Guinea operations.,C
92,"Starlink for Maritime Safety: Weather, Route Planning and Emergency Communication",starlink maritime safety,4/5 | High-use-case value,Maritime educational,Show how connectivity supports operational awareness without confusing it with a certified safety system.,B
93,Starlink for Port Operations and Coastal Facilities in Nigeria,starlink port internet nigeria,4/5 | Maritime infrastructure topic,B2B,"Target terminals, yards, workshops, coastal bases and port-adjacent operations.",B
94,Can Multiple Starlink Terminals Be Used on One Vessel?,multiple starlink terminals vessel,4/5 | Current official plan capability,Technical + commercial,Explain service-line limits and practical reasons for multiple-terminal architecture.,B
95,How to Build a Resilient Offshore Internet System: Starlink + VSAT + LTE,offshore connectivity hybrid starlink vsat lte,4/5 | High-value enterprise authority topic,B2B architecture,Present a layered connectivity architecture for mission-critical operations.,A
96,Starlink vs Amazon Leo: What the Rebrand and Competition Mean for African Connectivity,starlink vs amazon leo africa,4/5 | Competitive technology trend,Comparison + thought leadership,Use the current Amazon Leo name and discuss competition without predicting market share.,B
97,Starlink Direct-to-Cell vs Traditional Mobile Networks: What Changes in Africa?,starlink direct to cell vs mobile networks,5/5 | Fast-moving 2026 technology story,Thought leadership,Explain satellite-assisted mobile coverage and where terrestrial networks still win.,A
98,Will Starlink Replace Fibre in Nigeria? The Honest Answer for 2026,starlink vs fibre nigeria,5/5 | High comparison intent,Comparison + authority,"Use actual Nigerian speeds, economics and reliability trade-offs; answer “where,” not “always.”",A
99,Can Starlink Really Deliver Gigabit Internet? What the 2026 Roadmap Actually Says,starlink gigabit speeds 2026,4/5 | Current performance roadmap,Technology + news,Separate current 400+ Mbps Performance capability from future gigabit service targets.,B
100,100 Starlink Topics Are Not the Strategy: How DataGram Should Turn Search Demand Into Authority,starlink content strategy nigeria,3/5 | Internal thought leadership,Strategy,"Explain the hub-and-cluster model, content refresh cycle, Search Console feedback and maritime moat.",C
